title,desc,link
SEO收費行情？該怎麼選擇SEO公司?-SEO優化-部落格-達文西 ...,2020年3月17日 - 大家都在討論SEO關鍵字排名，市場報價非常紊亂，比網頁設計更沒有報價依據，加上很多人不懂SEO，完全無法辨識SEO公司好不好，每個SEO ...,https://www.da-vinci.com.tw/tw/blog/seo-cost
【SEO關鍵字公司】SEO公司怎麼選？看這篇推薦最適合你的 ...,一個合格的SEO公司能為你服務的，而不是只是單純的排名與成效收費，傳統類型的SEO 公司更重視連結與技術端的操作，因此可能涉及黑帽SEO的方式都應該 ...,https://inboundmarketing.com.tw/seo/seo%E5%85%AC%E5%8F%B8%E6%8E%A8%E8%96%A6.html
行銷人必讀，找SEO顧問前你該知道的事| Harris先生,以SEO顧問公司來說，即便顧問公司的顧問有行銷專業、網站分析專業、廣告投放的專業，你跑去問他行銷上的問題，他也不一定願意回答你，這是一個非常合理且 ...,https://www.yesharris.com/before-seo-agency/
SEO 公司怎麼選才有效？搞懂SEO 公司服務類型、收費以及 ...,2020年7月28日 - 想做SEO 的品牌，無非是想要獲得更多「自然搜尋流量」，讓更多潛在消費者用Google 找到你、認識你，並促成生意/訂單機會。 但找SEO 公司時 ...,https://growthmarketing.tw/seo%E5%84%AA%E5%8C%96%E5%85%AC%E5%8F%B8/
【SEO觀念7】SEO 公司挑選指南：認識SEO 顧問與優化服務 ...,2019年8月18日 - 不同階段的企業可以藉由SEO 達到什麼樣的效益、服務有哪些形式以及如何選擇適合的SEO 公司與SEO 收費相關事宜。在選定SEO 服務前， ...,https://ranking.works/SEO%E6%95%99%E5%AD%B8/SEO%E5%85%AC%E5%8F%B8
SEO公司，轉角網路SEO行銷,SEO公司轉角網路行銷，協助業主如何在網路上使用「SEO排名優化」與「關鍵字廣告」進行有效曝光，讓客戶網站在搜尋上，得到更具競爭力的起跑點。,https://www.corners.com.tw/
転転SEO: SEO公司| SEO公司推薦| SEO最佳選擇,SEO公司推薦| 転転(Tenten.co) 推出的SEO 服務，6年專業SEO 經驗幫助提升排名，沒有任何秘密我們只做一件事“從網站優化開始” 。SEO 有這麼困難嗎？ NO!,https://seo.tenten.co/
SEO公司– AIRNET網路行銷公司,基本上，我們認為：SEO公司推薦的在台灣應該可以到上百家，有許多都是低調接案．當然，也有不少SEO公司說自己很厲害！其實，運用SEO黑帽模式操作．這個 ...,https://www.airnet.com.tw/seo%E5%85%AC%E5%8F%B8/
Whoops SEO – Google SEO 搜尋引擎優化公司,Whoops SEO 巫普斯科技公司擁有多年Google SEO 優化經驗，透過整體網站質量改善，幫助客戶以正確的方式優化網站、提升網站在自然搜尋結果當中的排名。,https://seo.whoops.com.tw/
SEO公司-正楊SEO優化公司|專業網路行銷公司,專業SEO公司，無效退費，十多年SEO優化網路行銷經驗，幫助貴公司排名搶佔Yahoo/Google搜尋第一頁，尋找SEO廠商?正楊SEO優化公司是您SEO服務廠商最 ...,https://seookay.com/
挑選網站優化SEO公司五大注意事項| awoo,2010年7月28日 - 合約一結束，SEO公司可以輕易的把這個排名已經不錯的網站， 隨時租用給您的競爭對手，這是沒有最保障的！就算真的需要申請新的網址操作SEO ...,https://www.awoo.com.tw/blog/seo-company/
awoo SEO,awoo 是超過13 年台灣SEO 第一領導品牌，服務超過600 間客戶，提供服務有SEO工具、SEO關鍵字與網站優化、Google廣告投放。2019 年推出nununi AI 顧客體驗優化，為企業 ... 阿物股份有限公司電話：(02)8712-1128 傳真：(02)2100-1105,https://www.awoo.com.tw/
SEO搜尋引擎優化- 台北數位集團,SEO搜尋引擎優化可提升網站自然搜尋排名，優化關鍵字排名將使您的網站於 ... 想要尋找專業SEO團隊優化網站創造商機，推薦您台北數位集團。 ... 公司名稱： *.,https://taipeiads.com/seo.php
【SEO關鍵字優化公司】帶領企業數位轉型，全球化電商時代 ...,里揚SEO公司透過豐富的SEO行銷服務經驗以及獨家SEO軟體工具，協助企業提升SEO改善官網優化及搜尋引擎的關鍵字排名，替客戶帶來高成長的流量及轉換率!,https://www.leononline.com.tw/
SEO網站優化專業團隊| 鯊客數媒整合行銷-網站設計與SEO優化,鯊客於2014年成立，是台灣少數以「軟體起家」的網路行銷公司。主要提供認同SEO價值的業主，一個最適合做SEO、網路行銷又高度彈性的網站，未來也可同步 ...,https://sharktech.tw/
Pineapple Web，您在台灣的SEO 專家,SEO公司Pineapple Web能為您提供各種不同的客製化SEO優化服務，為您帶來符合 ... 要讓SEO策略發揮良好效用，讓您在搜尋引擎上的排名上升，這沒有捷徑可 ...,https://www.pineapple-web.com/tw/seo-agency/
SEO搜尋行銷顧問｜SEO網站優化調整｜關鍵字排名服務-奇寶 ...,全方位網路搜尋行銷服務：SEO網站優化、PPC操作、關鍵字排名策略，替您控制 ... 經驗豐富，SEO優化團隊不斷調整優化手法，是許多SEO成功案例推薦廠商。 ... 叡揚資訊及良興電子也一同分享他們使用Kerebro客樂寶後，實際上對公司產生了 ...,https://www.seoseo.com.tw/
SEO是什麼？SEO該怎麼做？一篇就懂SEO搜尋引擎優化教學 ...,專業的公司在工具資源、知識的累積上也較為豐富，所以建議評估自身狀況，考慮是否要與專業的SEO公司合作。 另外要提醒大家，不論是自己操作SEO或是委外 ...,https://www.seoseo.com.tw/article_detail_591.html
SEO 搜尋引擎優化(Search Engine Optimization)｜SEO公司 ...,亞思博SEO專家將為品牌網站全面健檢，並提供指導性報告，讓您逐步調整優化，事半功倍協助您贏得搜尋排名優勢。 競爭者戰略分析. 透過強大的競爭對手分析工具 ...,https://www.asiapacdigital.com/zh-cht/SEO
SEO的初學者教學，搞懂SEO搜尋引擎優化，讓你網站訂單接不 ...,SEO包含技術與創意，用以提高網頁排名、流量，以及增加網頁在搜尋引擎的曝光度 ... SEO包含多種的專業與技術在內，但是如果你需要一個專業的SEO公司為你 ...,https://www.newscan.com.tw/all-seo/seo-guide.htm
"SEO,網頁設計,網路行銷服務",seo公司簡介秉持踏實、創新的信念為各大企業公司的廣告業務服務，豐富的經驗技術，為您打造耳目一新的廣告，我們便捷美感兼具的資料庫網站，讓您可自由 ...,http://seo-seo.com.tw/
SEO公司這麼多家哪個才是好的？3個選擇重點告訴你. 有時會看 ...,2018年10月20日 - 有時會看到一些SEO公司免費網站健檢的服務，上週自己也填了集客數據行銷的健檢服務來幫公司網站檢查看看，但在一陣SEO費用與價格混亂之 ...,https://medium.com/@u78150722/seo%E5%85%AC%E5%8F%B8%E9%80%99%E5%80%91%E5%A4%9A%E5%93%AA%E5%80%8B%E6%89%8D%E6%98%AF%E5%A5%BD%E7%9A%84-3%E5%80%8B%E9%81%B8%E6%93%87%E9%87%8D%E9%BB%9E%E5%91%8A%E8%A8%B4%E4%BD%A0-ea1cbe5da2ea
玩構網路-SEO網站優化、RWD網頁設計、關鍵字廣告- 台中 ...,台中高雄SEO公司–玩構網路，提供網頁設計、網站優化與數位行銷服務，如RWD網頁設計、SEO網站優化、部落格SEO排名、Google關鍵字廣告、Google商家星 ...,https://www.iwangoweb.com/
SEO工程師｜皆凱科技有限公司｜台北市內湖區－104人力銀行,2020年9月1日 - 【工作內容】台北市內湖區- 1. 負責客戶網站的SEO優化，包含：關鍵字部署、內部連結調整、頁面結構、外鏈建設等等。 2. 製…。薪資：待遇 ...,https://www.104.com.tw/job/6wi1a
【2019最新】SEO要怎麼做？SEO操作效益與SEO公司必知 ...,2019年12月11日 - 做好網站SEO，可以提高網站在Google 搜尋引擎上的排名。進入到數位行銷時代後，SEO 成為最常被大家提起的行銷詞語之一。根據外媒指出， ...,https://meethub.bnext.com.tw/%E3%80%902019%E6%9C%80%E6%96%B0%E3%80%91seo%E8%A6%81%E6%80%8E%E9%BA%BC%E5%81%9A%EF%BC%9Fseo%E6%93%8D%E4%BD%9C%E6%95%88%E7%9B%8A%E8%88%87seo%E5%85%AC%E5%8F%B8%E5%BF%85%E7%9F%A5/
如何挑選SEO 公司? SEO報價? 看漏了這點可能付出很大代價 ...,2017年3月2日 - SEO 搜尋優化服務HK$ 2000/月，保證5 個關鍵字3 個月出現在捜尋器第一頁，這是一間香港SEO 公司真實的報價，但不是我公司開的，我也沒有 ...,https://www.ringoli.net/seo-%E5%85%AC%E5%8F%B8%E6%9C%83%E5%90%A6%E5%87%BA%E9%99%B0%E6%8B%9B%E5%91%A2/
每個人都應該成為SEO 專家 - hububble - 行銷自動化,2020年5月21日 - 您想了解如何增加流量並獲得更高的關鍵字排名，為您的網站帶來更多銷售和收入嗎？ 你是否有聘請SEO 公司操作卻毫無成效的經驗？ 強烈建議你 ...,https://www.hububble.co/blog/seo-expert/
如何選擇SEO公司 - 創藝網際,如何選擇SEO公司. 如何選擇SEO公司 每個網站都想在搜尋引擎的關鍵字排名上名列前茅，但想要擁有好的網站排名也不是那麼簡單的事。 網路上有許多各式各 ...,https://www.creartive.com.tw/articles/how-to-choose-seo-company.shtml
SEO(搜尋引擎最佳化)專家| 台灣亞文營銷事業股份有限公司,請問在Yahoo!&Google搜尋時，貴公司網站是前10名以內嗎？我們提供完全成果保證型的SEO服務，讓您的網站能在前10名！我們是在日本來台SEO公司，有著 ...,http://aun-taiwan.com.tw/lp/seo/
網頁設計| 如何選擇網路行銷公司| 自然排名SEO第1頁| 元伸網頁 ...,如何選擇網路行銷公司. 網站行銷目前中小企業甚至微型企業可以負擔的分為兩種，一是SEO，另一個是關鍵字廣告(CPC). SEO(Search engine Optimization)是一門 ...,https://www.ozchamp.com/knowledge-d825-n125.html
高端SEO優化公司團隊｜塑橡膠產業網路行銷｜普拉瑞斯(Polaris),普拉瑞斯網路行銷部以專業「SEO優化公司」為部門發展目標，奠基於12年塑橡膠產業豐富B2B行銷企劃操作經驗，深信具備國際競爭力的「B2B網路行銷」內涵， ...,https://www.polaris.net.tw/tw/service/seo.html
SEO是搜尋引擎優化 - 環球暢貨行銷股份有限公司,坊間正充滿著許多不專業的一些網路公司，甚至根本沒有經過Google的正式教育訓練，便來跟您高談闊論，直誇保證一定可以獲得良好排名，故今天擁有10年SEO ...,https://www.ready-market.com/zh-TW/faq/SEO/Seo-Cheating.html
讓專業的SEO公司帶您秒懂SEO服務方式 - SEO優化,SEO的基礎為打造一個友善的網站，除了建置符合搜尋引擎的網站架構以外，還必須兼顧良好的使用者體驗以及做好內容經營，無論今天你是要建置網站，或是準備 ...,https://www.appleseo.com.tw/news-404.html
SEO公司Archives – 唉伊喔網站顧問-SEO自然排序優化  互動 ...,... 碼結構、各頁面SEO優化設置，然後我就說要提共我FTP與後台帳號密碼!有趣事情來了，後來客戶只有後台. SEO網路行銷公司服務、SEO專業搜尋引擎優化公司.,http://www.ieo.com.tw/category/seo%E5%85%AC%E5%8F%B8/
2020年7月最新台灣各家SEO公司排名優化費用收費一覽表,2020年7月最新台灣各家SEO公司排名優化費用收費一覽表. SEO是在網路成功的關鍵 60% 的自然搜尋點擊會針對前三頁搜尋結果 50% 的行動搜尋是企圖找到當地 ...,https://www.nss.com.tw/2020%E5%B9%B47%E6%9C%88%E6%9C%80%E6%96%B0%E5%8F%B0%E7%81%A3%E5%90%84%E5%AE%B6seo%E5%85%AC%E5%8F%B8%E6%8E%92%E5%90%8D%E5%84%AA%E5%8C%96%E8%B2%BB%E7%94%A8%E6%94%B6%E8%B2%BB%E4%B8%80%E8%A6%BD%E8%A1%A8/
SEO-馬路科技網頁設計公司,SEO就是讓搜尋引擎喜歡上你的網站. SEO是搜尋引擎排名優化的簡稱，自從搜尋引擎取代傳統的網路黃頁時，SEO技術就已經存在了。搜尋引擎公司提供了許多 ...,https://www.iware.com.tw/index.php?action=service_detail&id=8
SEO網站優化需求 - 台中網頁設計公司,"我們是在地經營15年的台中網站設計公司,提供網路行銷,APP程式設計,SEO搜尋引擎優化,關鍵字廣告,響應式網站設計服務.",https://appseoweb.com/Internet_Marketing/%E7%B6%B2%E7%AB%99%E8%A8%AD%E8%A8%88%E5%A5%BD%E4%BA%86%EF%BC%8C%E7%82%BA%E4%BB%80%E9%BA%BC%E8%A6%81%E5%81%9ASEO%E6%90%9C%E5%B0%8B%E6%8E%92%E5%90%8D/58
SEO 全方位行銷解決方案– 艾格創意設計公司 - 艾格創意網頁設計,SEO 搜尋引擎優化與WordPress 客製化設計提供企業最優秀完整的行銷解決方案。艾格擁有豐富的品牌優化經驗，攜手專注SEO成長駭客行銷的awoo共同合作， ...,https://www.eg-creative.com/seo/
WordPress SEO分享– 艾格創意設計公司 - 艾格創意網頁設計,透過搜尋引擎最佳化SEO讓您的網站能夠得到較好的分數，使用者在搜尋時，擁有較好的排名，類如網頁內容豐富度，清楚的網站結構，網頁速度，較低的跳出率…,https://www.eg-creative.com/category/seo/
您需要SEO 嗎？ - Search Console說明 - Google Support,SEO 是「Search Engine Optimization」(搜尋引擎最佳化) 或「Search Engine Optimizer」( ... 請當心不斷主動寄送電子郵件給您的SEO 公司、網路顧問或代理商。,https://support.google.com/webmasters/answer/35291?hl=zh-Hant
《一隻賽鴿揭發SEO 公司不願告訴你的事》 | 獨角獸工坊- SEO ...,假SEO 公司最愛傻瓜肥羊. 可是這套說法還是有人信，而且還不少。站在客戶角度想，這的確既安全又有保障，一 ...,https://www.unicornws.com/%E3%80%8A%E4%B8%80%E9%9A%BB%E8%B3%BD%E9%B4%BF%E6%8F%AD%E7%99%BC-seo-%E5%85%AC%E5%8F%B8%E4%B8%8D%E9%A1%98%E5%91%8A%E8%A8%B4%E4%BD%A0%E7%9A%84%E4%BA%8B%E3%80%8B/
為什麼自己做SEO很容易失敗？SEO優化四大注意事項！ - 愛貝斯,2020年5月22日 - 另一方面，SEO優化成效是需要等待的，它不會立即帶來顯著的效果，即便是請專業SEO公司代操，都得等待Google搜尋引擎的漫長索引，時長 ...,https://www.ibest.com.tw/news-detail/seo-considerations/
香港SEO公司| 搜尋引擎優化服務| 網站優化排名專家- First Page,想要增加銷售？ First Page作為香港領先的SEO公司，給客戶帶來實質的成效。立即獲取免費策略諮詢服務.,https://www.firstpage.hk/zh/seo/
SEO 搜尋引擎優化專員- Aloha找到熱血沸騰的新創工作,Yourator新創職涯平台刊登新創公司、電商、文創、社會企業的潛力職缺，Yourator幫助求職者找到最有挑戰、可以改變世界的新創工作。,https://www.yourator.co/companies/Aloha/jobs/4996?locale=zh-TW
揚京快客網路科技公司-SEO優化範例,網路行銷的最高境界！客戶自己來！ 事實勝於雄辯！ 請參考本公司客戶關鍵字排名如下：. 關鍵字組數 ...,https://www.ykqk.com.tw/other/keyword.php
響應式網站設計RWD與SEO - 網頁設計,響應式網頁設計(RWD)又稱響應式網頁設計，愛貝斯網路為您整理它對SEO的好處>1. ... SEO(Search Engine Optimization)即「搜尋引擎最佳化」，白話來說就是 ... 台中網頁設計公司愛貝斯專注以Google建議的RWD響應式網頁設計技術，,https://www.ibest.tw/page04.php
威柏網路行銷有限公司-SEO廣告,SEO名詞解釋：. SEO是(Search Engine Optimization)的簡稱，中文意思是：「搜尋引擎最佳化」或「搜尋引擎優化」 ...,https://www.web-seo.com.tw/what-is-seo.htm
SEO搜尋引擎優化(自然排序) - 阿姆雷特科技有限公司,沒有調整網站程式，如何進行搜尋引擎優化？ 搜尋引擎是【搜尋網站】，優化工程是【優化網站】，如果尋找了一家SEO公司幫您規劃優化工程，但他們卻沒有針對 ...,https://www.teng.com.tw/SEO.asp
SEO搜尋有機優化【左月行銷公司】,"SEO行銷工廠,擅長流量優化,有機搜尋優化, 搜尋優化,SEO優化,搜尋排名,網站排名優化,流量優化,關鍵字優化,網站seo,外部連結,反向連結, 為您節省寶貴的時間與成本 ...",https://www.leftmoon.co/
究竟香港SEO公司有幾多間？ - HDcourse,香港SEO 公司有很多間，當你於Google 輸入SEO優化公司或SEO服務的時候，我估沒有100 間也有70 間公司提供搜尋引擎最佳化服務，SEO Hong Kong 公司及 ...,https://www.hdcourse.com/seo/seo-service-price/
